[{"created":"2022-06-09T14:22:54.924Z","username":"mrthorne","email":"mthorne@example.com","phone":"7093418921","token":"9e5c50cf","expires":"2022-06-12T14:22:54.924Z","confirmed":"tbd"},{"created":"2022-06-09T14:26:40.331Z","username":"popeye","email":"popeye@example.com","phone":"7096669999","token":"4784b2c1","expires":"2022-06-12T14:26:40.331Z","confirmed":"tbd"},{"created":"2022-06-09T14:29:22.412Z","username":"popeye","email":"popeye@example.com","phone":"7096669999","token":"4784b2c1","expires":"2022-06-12T14:29:22.412Z","confirmed":"tbd"},{"created":"2022-06-15T13:08:25.780Z","username":"olive","email":"olive@example.com","phone":"7097650099","token":"af0be432","expires":"2022-06-18T13:08:25.780Z","confirmed":"tbd"},{"created":"2022-06-16T12:54:01.456Z","username":"luke","email":"user@example.com","phone":"5556597890","token":"b95f1aa7","expires":"2022-06-19T12:54:01.456Z","confirmed":"tbd"},{"created":"2022-06-17T11:14:15.151Z","username":"Dezar","email":"user@example.com","phone":"5556597890","token":"fc22a9d5","expires":"2022-06-20T11:14:15.151Z","confirmed":"tbd"}]