[{"created":"2022-06-09T14:22:54.924Z","username":"mrthorne","email":"mthorne@example.com","phone":"7093418921","token":"9e5c50cf","expires":"2022-06-12T14:22:54.924Z","confirmed":"tbd"},{"created":"2022-06-09T14:26:40.331Z","username":"popeye","email":"popeye@example.com","phone":"7096669999","token":"4784b2c1","expires":"2022-06-12T14:26:40.331Z","confirmed":"tbd"},{"created":"2022-06-09T14:29:22.412Z","username":"popeye","email":"popeye@example.com","phone":"7096669999","token":"4784b2c1","expires":"2022-06-12T14:29:22.412Z","confirmed":"tbd"}]