[{"first_name":"Kassie","last_name":"Colmer","children":[{"gender":"Male","name":"Ilaire","birth":"7/16/2004","animal":"Black and white colobus"},{"gender":"Male","name":"Alfonso","birth":"2/25/1998","animal":"Sociable weaver"},{"gender":"Male","name":"Bing","birth":"7/27/2003","animal":"Heron, black-crowned night"}],"phrase":"Innovative multi-tasking ability","story":"Universidad Nuevo Mundo"},
{"first_name":"Wade","last_name":"Bendan","children":[{"gender":"Female","name":"Erma","birth":"4/24/2004","animal":"Crake, african black"},{"gender":"Female","name":"Scarlett","birth":"10/17/2003","animal":"Crow, american"},{"gender":"Female","name":"Dalenna","birth":"2/5/2002","animal":"Blue duck"},{"gender":"Male","name":"Timotheus","birth":"8/10/1999","animal":"Indian red admiral"},{"gender":"Female","name":"Sheeree","birth":"3/31/2005","animal":"Waterbuck, defassa"}],"phrase":"User-friendly impactful success","story":"Namik Kemal University"},
{"first_name":"Webster","last_name":"Sibbald","children":[{"gender":"Male","name":"Laughton","birth":"2/18/2006","animal":"Squirrel, pine"},{"gender":"Male","name":"Muffin","birth":"4/15/1999","animal":"Coatimundi, ring-tailed"},{"gender":"Female","name":"Dena","birth":"12/21/1997","animal":"Gull, pacific"},{"gender":"Female","name":"Kellia","birth":"5/11/1997","animal":"Common eland"},{"gender":"Male","name":"Tabb","birth":"7/25/2004","animal":"Wild turkey"}],"phrase":"Open-architected methodical system engine","story":"Université de Montpellier I"},
{"first_name":"Garrot","last_name":"Hedylstone","children":[{"gender":"Female","name":"Katina","birth":"6/2/1997","animal":"Red-tailed hawk"},{"gender":"Agender","name":"Yovonnda","birth":"1/8/1998","animal":"Carmine bee-eater"},{"gender":"Female","name":"Ada","birth":"2/23/2002","animal":"Bateleur eagle"},{"gender":"Female","name":"Shauna","birth":"4/29/2001","animal":"Owl, madagascar hawk"}],"phrase":"Down-sized local support","story":"Tbilisi State University"},
{"first_name":"Laurens","last_name":"Ducaen","children":[{"gender":"Female","name":"Trixie","birth":"10/30/1995","animal":"Greater blue-eared starling"},{"gender":"Female","name":"Karla","birth":"3/20/1999","animal":"Bee-eater (unidentified)"},{"gender":"Female","name":"Madalyn","birth":"12/10/1995","animal":"Steenbok"},{"gender":"Female","name":"Ricki","birth":"7/24/2001","animal":"Wallaroo, common"}],"phrase":"Progressive systemic function","story":"Instituto Superior Politécnico Gaya"},
{"first_name":"Maegan","last_name":"Cabotto","children":[{"gender":"Female","name":"Teresita","birth":"9/11/1997","animal":"Dingo"},{"gender":"Female","name":"Moira","birth":"1/25/2004","animal":"Monkey, rhesus"},{"gender":"Female","name":"Diane","birth":"12/11/1996","animal":"Possum, golden brush-tailed"},{"gender":"Female","name":"Rodina","birth":"1/5/1999","animal":"Leopard"}],"phrase":"Sharable reciprocal access","story":"Bircham International University"},
{"first_name":"Catha","last_name":"Bitcheno","children":[{"gender":"Female","name":"Maris","birth":"3/14/2000","animal":"Cardinal, red-capped"},{"gender":"Male","name":"Artie","birth":"5/10/2002","animal":"Cat, civet"},{"gender":"Female","name":"Valentina","birth":"12/13/2003","animal":"Gray duiker"},{"gender":"Female","name":"Kikelia","birth":"4/24/2001","animal":"Water monitor"}],"phrase":"Synergized reciprocal utilisation","story":"Babol Noshirvani University of Technology"},
{"first_name":"Marius","last_name":"Genike","children":[{"gender":"Female","name":"Othilia","birth":"3/20/2001","animal":"Laughing kookaburra"},{"gender":"Male","name":"Raff","birth":"4/10/2006","animal":"Rhesus monkey"}],"phrase":"Multi-lateral interactive array","story":"Kuala Lumpur Infrastructure University College"},
{"first_name":"Charisse","last_name":"Nellies","children":[{"gender":"Non-binary","name":"Donni","birth":"9/3/2003","animal":"Pheasant, common"},{"gender":"Male","name":"Currey","birth":"3/8/1999","animal":"Lizard, mexican beaded"},{"gender":"Female","name":"Jorey","birth":"4/24/2002","animal":"Armadillo, nine-banded"}],"phrase":"Ameliorated 24/7 paradigm","story":"Al-Nasser University"},
{"first_name":"Latisha","last_name":"Hurche","children":[{"gender":"Male","name":"Zak","birth":"2/19/1998","animal":"Tiger cat"},{"gender":"Female","name":"Odilia","birth":"10/18/1995","animal":"Eland, common"}],"phrase":"Triple-buffered 6th generation parallelism","story":"Escuela Politécnica de Chimborazo"},
{"first_name":"Ileana","last_name":"Garron","children":[{"gender":"Female","name":"Corabel","birth":"1/9/2005","animal":"Giant anteater"},{"gender":"Agender","name":"Jannelle","birth":"12/21/2002","animal":"Screamer, southern"},{"gender":"Male","name":"Konrad","birth":"5/5/2006","animal":"Badger, european"}],"phrase":"Vision-oriented uniform flexibility","story":"Military University Shoumen"},
{"first_name":"Justinian","last_name":"Maryin","children":[{"gender":"Male","name":"Rob","birth":"5/25/1999","animal":"Alpaca"},{"gender":"Male","name":"Hadleigh","birth":"6/20/1997","animal":"American buffalo"}],"phrase":"Fundamental even-keeled architecture","story":"Fiji School of Medicine"},
{"first_name":"Turner","last_name":"Dundendale","children":[{"gender":"Male","name":"Galven","birth":"5/31/2006","animal":"Burmese black mountain tortoise"},{"gender":"Female","name":"Agnesse","birth":"1/10/1997","animal":"White-rumped vulture"},{"gender":"Male","name":"Jakie","birth":"2/6/1998","animal":"Hornbill, southern ground"}],"phrase":"Front-line solution-oriented hardware","story":"Alaska Bible College"},
{"first_name":"Hayden","last_name":"Shipway","children":[{"gender":"Female","name":"Margalit","birth":"2/6/2005","animal":"Buffalo, american"},{"gender":"Male","name":"Quintus","birth":"9/10/2007","animal":"Southern brown bandicoot"},{"gender":"Non-binary","name":"Aviva","birth":"6/23/1995","animal":"Hudsonian godwit"},{"gender":"Female","name":"Nike","birth":"5/9/1997","animal":"Whale, baleen"},{"gender":"Female","name":"Harriott","birth":"7/12/2002","animal":"South American meadowlark (unidentified)"}],"phrase":"Object-based analyzing service-desk","story":"Université Omar Bongo"},
{"first_name":"Winnah","last_name":"Singyard","children":[{"gender":"Female","name":"Deeann","birth":"1/12/1999","animal":"Trumpeter, dark-winged"},{"gender":"Male","name":"Husain","birth":"11/15/1996","animal":"Wombat, southern hairy-nosed"},{"gender":"Male","name":"Dom","birth":"5/16/1997","animal":"Fisher"}],"phrase":"Phased bi-directional artificial intelligence","story":"Dhaka University of Engineering and Technology"},
{"first_name":"Earvin","last_name":"Routhorn","children":[{"gender":"Male","name":"Clint","birth":"4/25/2000","animal":"Beaver, european"},{"gender":"Female","name":"Mela","birth":"12/16/2005","animal":"Common ringtail"},{"gender":"Male","name":"Jakob","birth":"10/19/2002","animal":"Sambar"},{"gender":"Male","name":"Trip","birth":"8/5/2001","animal":"Rhinoceros, white"}],"phrase":"Persevering asymmetric extranet","story":"Open University of Hong Kong"},
{"first_name":"Norbie","last_name":"Tamblyn","children":[{"gender":"Male","name":"Vassili","birth":"1/28/2002","animal":"Siskin, pine"},{"gender":"Male","name":"Wainwright","birth":"11/13/1998","animal":"Nilgai"},{"gender":"Female","name":"Karmen","birth":"5/17/2007","animal":"Robin, white-throated"},{"gender":"Male","name":"Dani","birth":"8/6/2004","animal":"Spectacled caiman"}],"phrase":"Mandatory hybrid implementation","story":"Università Bocconi"},
{"first_name":"Clementia","last_name":"Morman","children":[{"gender":"Male","name":"Pip","birth":"2/5/2003","animal":"Crow, house"},{"gender":"Female","name":"Tamqrah","birth":"5/23/2006","animal":"Western bearded dragon"}],"phrase":"Managed upward-trending website","story":"Academia Tehnica Militara"},
{"first_name":"Karry","last_name":"Felipe","children":[{"gender":"Female","name":"Mellicent","birth":"2/8/2005","animal":"Starling, superb"},{"gender":"Female","name":"Rosene","birth":"7/19/2002","animal":"Long-crested hawk eagle"},{"gender":"Male","name":"Virgie","birth":"4/20/1998","animal":"Red-breasted nuthatch"}],"phrase":"Self-enabling attitude-oriented archive","story":"Universidad Nacional de la Amazonía Peruana"},
{"first_name":"Orelle","last_name":"Eronie","children":[{"gender":"Female","name":"Carin","birth":"9/17/2000","animal":"Ring-necked pheasant"},{"gender":"Male","name":"Iago","birth":"3/19/2003","animal":"Skimmer, four-spotted"}],"phrase":"Triple-buffered analyzing interface","story":"Petroleum University of Technology"},
{"first_name":"Murdoch","last_name":"Carnock","children":[{"gender":"Male","name":"Tann","birth":"4/26/2006","animal":"Turkey vulture"},{"gender":"Male","name":"Shaw","birth":"12/21/1999","animal":"White-eye, pale"},{"gender":"Male","name":"Thorpe","birth":"1/24/2007","animal":"Wolf, common"},{"gender":"Genderfluid","name":"Florella","birth":"9/2/2001","animal":"Yellow-brown sungazer"}],"phrase":"Integrated multimedia firmware","story":"Chang Jung University"},
{"first_name":"Alexander","last_name":"Fallanche","children":[{"gender":"Polygender","name":"Lucila","birth":"11/2/2003","animal":"Fox, bat-eared"},{"gender":"Genderqueer","name":"Dorice","birth":"5/8/1996","animal":"Dog, bush"},{"gender":"Male","name":"Niven","birth":"10/26/1995","animal":"Black-backed magpie"},{"gender":"Female","name":"Ruthy","birth":"6/13/1995","animal":"Blue and gold macaw"},{"gender":"Female","name":"Mahala","birth":"7/1/2007","animal":"Buffalo, american"}],"phrase":"Centralized multimedia core","story":"Aktau State University"},
{"first_name":"Janka","last_name":"Galia","children":[{"gender":"Female","name":"Brunhilde","birth":"9/16/1999","animal":"Cape clawless otter"},{"gender":"Female","name":"Tammara","birth":"1/11/2008","animal":"Fat-tailed dunnart"},{"gender":"Non-binary","name":"Brittan","birth":"6/12/1999","animal":"Western lowland gorilla"},{"gender":"Male","name":"Bradly","birth":"9/29/1995","animal":"King vulture"}],"phrase":"Profound actuating alliance","story":"Punjab Institute of Computer science"},
{"first_name":"Trix","last_name":"Crawforth","children":[{"gender":"Female","name":"Cynthea","birth":"9/25/1999","animal":"Boa, emerald green tree"},{"gender":"Female","name":"Lynea","birth":"7/10/1995","animal":"Cat, miner's"},{"gender":"Female","name":"Christine","birth":"12/28/2007","animal":"Western patch-nosed snake"},{"gender":"Polygender","name":"Joni","birth":"11/30/2001","animal":"Common wolf"}],"phrase":"Up-sized web-enabled definition","story":"Danang College Of Technology"},
{"first_name":"Jilli","last_name":"Ibell","children":[{"gender":"Male","name":"Webster","birth":"2/19/1999","animal":"Ox, musk"},{"gender":"Male","name":"Meyer","birth":"1/21/1996","animal":"Falcon, peregrine"},{"gender":"Male","name":"Stevy","birth":"1/28/2001","animal":"Civet (unidentified)"}],"phrase":"Centralized incremental capability","story":"Universidad Ciencias Comerciales"},
{"first_name":"Lyell","last_name":"Male","children":[{"gender":"Male","name":"Reinhold","birth":"1/30/2001","animal":"Bat, asian false vampire"},{"gender":"Polygender","name":"Bee","birth":"7/25/2006","animal":"Darwin ground finch (unidentified)"},{"gender":"Female","name":"Glory","birth":"4/26/2006","animal":"Beisa oryx"},{"gender":"Female","name":"Isadora","birth":"4/8/2006","animal":"Porcupine, indian"},{"gender":"Female","name":"Bobbie","birth":"11/16/2001","animal":"Egret, snowy"}],"phrase":"Persistent logistical process improvement","story":"Fachhochschule Rosenheim, Hochschule für Technik und Wirtschaft"},
{"first_name":"Pepita","last_name":"Ensor","children":[{"gender":"Female","name":"Grissel","birth":"2/24/1999","animal":"Little blue penguin"},{"gender":"Non-binary","name":"Hilda","birth":"3/7/1998","animal":"African jacana"},{"gender":"Polygender","name":"Gabi","birth":"11/9/2007","animal":"Blue duck"}],"phrase":"Decentralized dedicated support","story":"Indian Veterinary Research Institute"},
{"first_name":"Torrin","last_name":"Steggles","children":[{"gender":"Female","name":"Letta","birth":"6/16/2005","animal":"Eagle, golden"},{"gender":"Male","name":"Deck","birth":"12/5/1996","animal":"Weaver, red-billed buffalo"}],"phrase":"Open-architected full-range synergy","story":"University of Dongola"},
{"first_name":"Roxanna","last_name":"Severs","children":[{"gender":"Male","name":"Elton","birth":"12/18/1998","animal":"Gila monster"},{"gender":"Male","name":"Salvatore","birth":"8/10/2007","animal":"African skink"},{"gender":"Female","name":"Linn","birth":"6/26/1995","animal":"Antechinus, brown"},{"gender":"Male","name":"Gerhardt","birth":"6/17/2001","animal":"Rhinoceros, white"}],"phrase":"Enterprise-wide zero administration artificial intelligence","story":"International Institute for Higher Education"},
{"first_name":"Denyse","last_name":"O'Griffin","children":[{"gender":"Male","name":"Duane","birth":"1/11/2000","animal":"House sparrow"},{"gender":"Female","name":"Marieann","birth":"4/28/1995","animal":"Eurasian red squirrel"},{"gender":"Male","name":"Elmer","birth":"4/16/2000","animal":"Southern sea lion"},{"gender":"Female","name":"Jennilee","birth":"11/24/2000","animal":"Steenbuck"}],"phrase":"User-centric dedicated flexibility","story":"Western State College"},
{"first_name":"Warner","last_name":"Knobell","children":[{"gender":"Female","name":"Fredericka","birth":"8/11/2007","animal":"Brown brocket"},{"gender":"Female","name":"Kath","birth":"10/29/2001","animal":"Wattled crane"},{"gender":"Female","name":"Kessiah","birth":"6/4/2005","animal":"American racer"},{"gender":"Female","name":"Nonah","birth":"3/23/2007","animal":"Dragon, western bearded"},{"gender":"Male","name":"Richart","birth":"4/10/2002","animal":"Dove, laughing"}],"phrase":"Compatible optimal groupware","story":"Wofford College"},
{"first_name":"Livvy","last_name":"Blinerman","children":[{"gender":"Female","name":"Elvera","birth":"12/25/2000","animal":"Red deer"},{"gender":"Male","name":"Chad","birth":"11/18/1996","animal":"Green heron"},{"gender":"Female","name":"Dasie","birth":"12/14/1995","animal":"Small-spotted genet"},{"gender":"Female","name":"Pearl","birth":"5/9/1999","animal":"Cormorant, great"}],"phrase":"Ameliorated human-resource archive","story":"St. Petersburg Institute of Sales Management and Economics"},
{"first_name":"Blayne","last_name":"Burden","children":[{"gender":"Female","name":"Joanie","birth":"3/6/1997","animal":"Honey badger"},{"gender":"Male","name":"Flemming","birth":"4/5/2005","animal":"Crested porcupine"},{"gender":"Male","name":"Wolfie","birth":"2/15/2002","animal":"Rattlesnake, eastern diamondback"},{"gender":"Female","name":"Brett","birth":"10/29/2004","animal":"Hornbill, leadbeateri's ground"},{"gender":"Female","name":"Emma","birth":"8/8/2006","animal":"White-bellied sea eagle"}],"phrase":"Persevering zero tolerance process improvement","story":"Universidad Alas Peruanas"},
{"first_name":"Giffard","last_name":"Tunno","children":[{"gender":"Male","name":"Sam","birth":"1/14/2005","animal":"Tammar wallaby"},{"gender":"Bigender","name":"Brandais","birth":"5/6/2002","animal":"Lory, rainbow"},{"gender":"Male","name":"Jodi","birth":"9/5/1999","animal":"Monkey, vervet"}],"phrase":"Multi-tiered 24/7 encoding","story":"Case Western Reserve University"},
{"first_name":"Madel","last_name":"Champneys","children":[{"gender":"Male","name":"Jeremias","birth":"10/31/2006","animal":"Snake, racer"},{"gender":"Female","name":"Niki","birth":"2/3/2008","animal":"Striped skunk"},{"gender":"Male","name":"Selig","birth":"9/14/2000","animal":"Fox, bat-eared"},{"gender":"Male","name":"Silas","birth":"3/7/1996","animal":"Arctic hare"},{"gender":"Genderfluid","name":"Veriee","birth":"5/6/2001","animal":"Zebra, plains"}],"phrase":"Programmable well-modulated encoding","story":"Denver Technical College"},
{"first_name":"Raff","last_name":"Oxx","children":[{"gender":"Male","name":"Jae","birth":"10/20/2003","animal":"Marmot, hoary"},{"gender":"Female","name":"Adele","birth":"8/20/2003","animal":"Striped skunk"},{"gender":"Female","name":"Chrysler","birth":"9/17/1995","animal":"Red deer"},{"gender":"Male","name":"Augustine","birth":"7/29/2000","animal":"Phalarope, red"}],"phrase":"Triple-buffered exuding structure","story":"Concordia College, Moorhead"},
{"first_name":"Timothy","last_name":"Isack","children":[{"gender":"Female","name":"Orel","birth":"2/20/1999","animal":"Kingfisher, malachite"},{"gender":"Female","name":"Sandy","birth":"8/20/2000","animal":"Squirrel, red"},{"gender":"Male","name":"Trevar","birth":"3/27/2008","animal":"Slender loris"},{"gender":"Female","name":"Ninetta","birth":"10/24/2005","animal":"Crested screamer"},{"gender":"Female","name":"Mignonne","birth":"11/18/2007","animal":"Hottentot teal"}],"phrase":"Enhanced methodical capability","story":"Philippine Christian University"},
{"first_name":"Alisander","last_name":"McGillecole","children":[{"gender":"Female","name":"Willabella","birth":"3/6/1999","animal":"Sage hen"},{"gender":"Female","name":"Kizzie","birth":"4/20/2000","animal":"Puffin, horned"},{"gender":"Female","name":"Ryann","birth":"10/28/2003","animal":"Zebra, common"},{"gender":"Female","name":"Elianore","birth":"9/7/2002","animal":"Starling, red-shouldered glossy"},{"gender":"Female","name":"Tommy","birth":"12/2/1995","animal":"American black bear"}],"phrase":"Automated even-keeled hierarchy","story":"Universidad Empresarial"},
{"first_name":"Torey","last_name":"Gisby","children":[{"gender":"Female","name":"Tobye","birth":"10/2/1997","animal":"Crane, sarus"},{"gender":"Female","name":"Darrelle","birth":"4/21/1998","animal":"Eagle, crowned"},{"gender":"Female","name":"Sibyl","birth":"12/31/2001","animal":"Cape raven"},{"gender":"Genderfluid","name":"Yasmin","birth":"4/23/2006","animal":"Buffalo, wild water"},{"gender":"Male","name":"Lars","birth":"2/4/2004","animal":"Sportive lemur"}],"phrase":"Horizontal even-keeled customer loyalty","story":"Baltic State Technical University"},
{"first_name":"Jeana","last_name":"Arnal","children":[{"gender":"Female","name":"Minda","birth":"10/1/2002","animal":"Small Indian mongoose"},{"gender":"Male","name":"Alano","birth":"9/9/2006","animal":"Bird, red-billed tropic"}],"phrase":"Multi-layered system-worthy concept","story":"Firat (Euphrates) University"},
{"first_name":"Ginni","last_name":"Petschelt","children":[{"gender":"Male","name":"Alessandro","birth":"6/29/2006","animal":"Stanley bustard"},{"gender":"Female","name":"Ursala","birth":"2/18/1999","animal":"Pied kingfisher"},{"gender":"Male","name":"Garwin","birth":"3/29/1999","animal":"Sandpiper, spotted wood"}],"phrase":"Persevering real-time conglomeration","story":"National Institute of Technology Kurukshetra"},
{"first_name":"Janel","last_name":"Prozillo","children":[{"gender":"Male","name":"Leroy","birth":"8/20/1995","animal":"Cereopsis goose"},{"gender":"Female","name":"Joyann","birth":"5/14/1996","animal":"Australian sea lion"},{"gender":"Male","name":"Bartholomew","birth":"1/24/1997","animal":"Crane, brolga"},{"gender":"Male","name":"Mic","birth":"11/22/1995","animal":"Whip-tailed wallaby"}],"phrase":"Realigned maximized data-warehouse","story":"University of New Caledonia"},
{"first_name":"Regen","last_name":"Straw","children":[{"gender":"Female","name":"Madelaine","birth":"3/15/2001","animal":"Lizard, frilled"},{"gender":"Genderqueer","name":"Brnaby","birth":"11/28/1995","animal":"Squirrel, golden-mantled ground"},{"gender":"Male","name":"Doy","birth":"12/17/1996","animal":"White-lipped peccary"},{"gender":"Female","name":"Donella","birth":"8/13/2006","animal":"Zorro, azara's"},{"gender":"Female","name":"Harriot","birth":"3/2/1998","animal":"Skimmer, four-spotted"}],"phrase":"Team-oriented asynchronous task-force","story":"Babcock University"},
{"first_name":"Nettie","last_name":"Erratt","children":[{"gender":"Female","name":"Darryl","birth":"2/18/1998","animal":"Cormorant, king"},{"gender":"Genderfluid","name":"Gordan","birth":"7/24/1999","animal":"Indian giant squirrel"}],"phrase":"Virtual solution-oriented access","story":"Dar al Hekma College"},
{"first_name":"Arron","last_name":"Kelling","children":[{"gender":"Male","name":"Carney","birth":"6/2/2000","animal":"Mouse, four-striped grass"},{"gender":"Male","name":"Bjorn","birth":"8/28/2003","animal":"African wild dog"},{"gender":"Female","name":"Jessa","birth":"10/2/2004","animal":"Netted rock dragon"}],"phrase":"Vision-oriented systemic product","story":"Université Stendhal (Grenoble III)"},
{"first_name":"Claiborne","last_name":"Bartolomeu","children":[{"gender":"Male","name":"Artemas","birth":"12/16/2003","animal":"Sifaka, verreaux's"},{"gender":"Male","name":"Shelton","birth":"12/21/1999","animal":"Whale, killer"}],"phrase":"Decentralized coherent website","story":"Lesley University"},
{"first_name":"Addy","last_name":"Bunt","children":[{"gender":"Female","name":"Jaime","birth":"9/5/1999","animal":"Onager"},{"gender":"Agender","name":"Kendricks","birth":"11/5/1998","animal":"Cormorant (unidentified)"},{"gender":"Male","name":"Shurlocke","birth":"9/26/2001","animal":"Egyptian vulture"},{"gender":"Male","name":"Kane","birth":"11/5/2005","animal":"Purple grenadier"}],"phrase":"Stand-alone multi-state utilisation","story":"Utah Valley State College"},
{"first_name":"Babbette","last_name":"Jameson","children":[{"gender":"Male","name":"Gordan","birth":"2/19/2006","animal":"Tiger snake"},{"gender":"Female","name":"Nerita","birth":"12/18/1998","animal":"Crab (unidentified)"}],"phrase":"Adaptive homogeneous challenge","story":"Universidad del Norte \"Santo Tomás de Aquino\""},
{"first_name":"Charity","last_name":"Pinke","children":[{"gender":"Male","name":"Arnie","birth":"12/7/2005","animal":"Collared peccary"},{"gender":"Female","name":"Elene","birth":"9/10/2005","animal":"Stone sheep"},{"gender":"Female","name":"Bernetta","birth":"3/14/2001","animal":"Waxbill, violet-eared"},{"gender":"Female","name":"Sianna","birth":"1/13/2000","animal":"Skua, long-tailed"},{"gender":"Female","name":"Jorie","birth":"1/19/2005","animal":"Knob-nosed goose"}],"phrase":"Down-sized 4th generation success","story":"Huaihai Institute of Technology"},
{"first_name":"Elvera","last_name":"Stonhouse","children":[{"gender":"Male","name":"Aleksandr","birth":"1/16/2000","animal":"Carpet snake"},{"gender":"Male","name":"Sidnee","birth":"8/6/2003","animal":"Swan, black"},{"gender":"Female","name":"Eda","birth":"6/16/2000","animal":"Squirrel, malabar"},{"gender":"Male","name":"Clifford","birth":"12/8/1996","animal":"Worm snake (unidentified)"}],"phrase":"Synchronised tertiary capacity","story":"George Fox University"},
{"first_name":"Baxie","last_name":"Dana","children":[{"gender":"Female","name":"Carmelle","birth":"2/18/2003","animal":"Blue duck"},{"gender":"Female","name":"Bambi","birth":"4/3/2006","animal":"Eastern quoll"},{"gender":"Female","name":"Bonnie","birth":"4/13/1995","animal":"Falcon, peregrine"}],"phrase":"Team-oriented bifurcated infrastructure","story":"Escuela Politécnica Nacional"},
{"first_name":"Laraine","last_name":"Leyland","children":[{"gender":"Female","name":"Alayne","birth":"3/26/2005","animal":"Blue racer"},{"gender":"Male","name":"Lenci","birth":"3/26/2007","animal":"Chilean flamingo"},{"gender":"Female","name":"Sheena","birth":"4/5/2001","animal":"Squirrel, nelson ground"},{"gender":"Male","name":"Felike","birth":"4/7/2006","animal":"Dolphin, striped"}],"phrase":"Managed needs-based initiative","story":"Jimma University"},
{"first_name":"Daryl","last_name":"Scrimshaw","children":[{"gender":"Female","name":"Nike","birth":"6/9/1996","animal":"Galah"},{"gender":"Genderfluid","name":"Cynde","birth":"1/16/1997","animal":"Grey mouse lemur"},{"gender":"Female","name":"Lia","birth":"7/7/2003","animal":"Uinta ground squirrel"},{"gender":"Genderfluid","name":"Richardo","birth":"11/26/2003","animal":"Grant's gazelle"}],"phrase":"Self-enabling 4th generation info-mediaries","story":"Hong Kong Academy for Performing Arts "},
{"first_name":"Kimberlyn","last_name":"Garrad","children":[{"gender":"Female","name":"Emera","birth":"1/30/2001","animal":"African darter"},{"gender":"Male","name":"Juan","birth":"6/8/2006","animal":"Toucan, white-throated"}],"phrase":"Object-based fresh-thinking local area network","story":"Washburn University"},
{"first_name":"Gunner","last_name":"Lount","children":[{"gender":"Male","name":"Walton","birth":"11/13/1997","animal":"Goldeneye, common"},{"gender":"Female","name":"Storm","birth":"11/21/2004","animal":"Phalarope, grey"},{"gender":"Female","name":"Retha","birth":"9/28/2002","animal":"Lizard, desert spiny"},{"gender":"Female","name":"Ros","birth":"5/27/2001","animal":"Yellow-billed hornbill"}],"phrase":"Front-line maximized instruction set","story":"Christendom College"},
{"first_name":"Arlin","last_name":"Colnet","children":[{"gender":"Male","name":"Mace","birth":"3/5/2002","animal":"Lesser mouse lemur"},{"gender":"Female","name":"Arlen","birth":"3/24/1997","animal":"Brown brocket"},{"gender":"Male","name":"Nat","birth":"6/11/2000","animal":"Bontebok"},{"gender":"Male","name":"Flint","birth":"10/24/1999","animal":"European stork"},{"gender":"Female","name":"Beryl","birth":"1/30/2003","animal":"Red-billed hornbill"}],"phrase":"Visionary 24 hour array","story":"Universidad de Puerto Rico, Mayaguez"},
{"first_name":"Kacie","last_name":"Lukasen","children":[{"gender":"Male","name":"Perry","birth":"6/13/2003","animal":"Neotropic cormorant"},{"gender":"Female","name":"Eloise","birth":"7/4/2005","animal":"Tyrant flycatcher"},{"gender":"Female","name":"Mellisent","birth":"8/23/2000","animal":"Grey fox"}],"phrase":"Diverse human-resource implementation","story":"Islamic Azad University, Ahar"},
{"first_name":"Janaye","last_name":"Brougham","children":[{"gender":"Male","name":"Yorgo","birth":"12/27/2006","animal":"Bat-eared fox"},{"gender":"Female","name":"Tarah","birth":"10/14/2005","animal":"Red hartebeest"},{"gender":"Female","name":"Adelina","birth":"7/17/2002","animal":"American marten"},{"gender":"Male","name":"Upton","birth":"6/27/2001","animal":"Wood pigeon"},{"gender":"Female","name":"Brandie","birth":"4/2/2006","animal":"Otter, canadian river"}],"phrase":"Automated coherent installation","story":"Universidad Francisco Gavidia"},
{"first_name":"Freda","last_name":"Lanfer","children":[{"gender":"Non-binary","name":"Daron","birth":"8/26/2001","animal":"Macaw, blue and yellow"},{"gender":"Male","name":"Bradford","birth":"11/9/1997","animal":"Yellow-billed hornbill"},{"gender":"Male","name":"Jordan","birth":"12/15/2000","animal":"Kangaroo, jungle"},{"gender":"Female","name":"Allegra","birth":"3/23/1998","animal":"Cuis"},{"gender":"Male","name":"Wolfy","birth":"5/1/1997","animal":"Goldeneye, common"}],"phrase":"Progressive needs-based hierarchy","story":"University of Hartford"},
{"first_name":"Zsa zsa","last_name":"Lancaster","children":[{"gender":"Male","name":"Burt","birth":"1/13/1997","animal":"Little brown bat"},{"gender":"Female","name":"Zsazsa","birth":"7/28/2004","animal":"Bandicoot, long-nosed"}],"phrase":"Polarised multi-tasking implementation","story":"Universidad Católica Anselmo Llorente"},
{"first_name":"Frances","last_name":"Di Biagi","children":[{"gender":"Female","name":"Robina","birth":"5/13/2002","animal":"Gulls (unidentified)"},{"gender":"Female","name":"Meriel","birth":"8/24/2003","animal":"Vulture, king"},{"gender":"Female","name":"Abigael","birth":"1/27/2003","animal":"White-winged dove"},{"gender":"Male","name":"Amerigo","birth":"10/16/1998","animal":"Black-footed ferret"},{"gender":"Male","name":"Maximilien","birth":"4/22/1998","animal":"Marabou stork"}],"phrase":"Balanced zero administration knowledge base","story":"Norwegian School of Economics and Business Administration"},
{"first_name":"Willy","last_name":"Fawke","children":[{"gender":"Male","name":"Darrell","birth":"3/11/1998","animal":"Kingfisher, pied"},{"gender":"Female","name":"Dania","birth":"9/26/2002","animal":"Snake, buttermilk"},{"gender":"Female","name":"Moll","birth":"7/12/2001","animal":"Common rhea"},{"gender":"Female","name":"Madeleine","birth":"3/16/2007","animal":"Long-necked turtle"}],"phrase":"Re-engineered disintermediate throughput","story":"Aalborg University"},
{"first_name":"Audra","last_name":"Hedman","children":[{"gender":"Female","name":"Dosi","birth":"11/17/2006","animal":"Bee-eater, white-fronted"},{"gender":"Bigender","name":"Kate","birth":"2/20/2005","animal":"Sockeye salmon"}],"phrase":"Multi-layered explicit hierarchy","story":"Burlington College"},
{"first_name":"Tiffy","last_name":"Caldero","children":[{"gender":"Female","name":"Danny","birth":"1/5/2004","animal":"Kangaroo, black-faced"},{"gender":"Female","name":"Jemmy","birth":"4/26/2007","animal":"Long-billed corella"},{"gender":"Polygender","name":"Jammie","birth":"6/1/2006","animal":"Eagle, tawny"},{"gender":"Female","name":"Jillana","birth":"4/8/1996","animal":"Zorro, common"},{"gender":"Male","name":"Case","birth":"2/28/2001","animal":"Monkey, red howler"}],"phrase":"Phased scalable monitoring","story":"Hampshire College"},
{"first_name":"Lila","last_name":"Mohammed","children":[{"gender":"Male","name":"Morris","birth":"2/27/2002","animal":"Rat, desert kangaroo"},{"gender":"Female","name":"Benita","birth":"9/13/2001","animal":"Yellow-billed stork"},{"gender":"Male","name":"Paige","birth":"3/23/2002","animal":"Catfish, blue"}],"phrase":"Proactive 4th generation pricing structure","story":"Pjatigorsk State Linguistic University"},
{"first_name":"Belia","last_name":"Pedrollo","children":[{"gender":"Male","name":"Maurice","birth":"10/20/1996","animal":"Malleefowl"},{"gender":"Male","name":"Xavier","birth":"5/6/2001","animal":"Chameleon (unidentified)"},{"gender":"Female","name":"Oralia","birth":"10/23/1995","animal":"Giant heron"}],"phrase":"Front-line coherent conglomeration","story":"Jiaying University"},
{"first_name":"Fifine","last_name":"Durgan","children":[{"gender":"Female","name":"Karlyn","birth":"4/15/2001","animal":"Stork, european"},{"gender":"Female","name":"Jenilee","birth":"5/3/2002","animal":"Toddy cat"},{"gender":"Female","name":"Liane","birth":"7/27/2002","animal":"Shrike, southern white-crowned"},{"gender":"Female","name":"Lorrie","birth":"12/12/1995","animal":"Vulture, bengal"}],"phrase":"Automated discrete solution","story":"Japan Women's University"},
{"first_name":"Rodney","last_name":"Leband","children":[{"gender":"Male","name":"Patrizio","birth":"4/3/1996","animal":"African porcupine"},{"gender":"Male","name":"Brok","birth":"6/1/1996","animal":"Coke's hartebeest"},{"gender":"Male","name":"Jules","birth":"7/21/2000","animal":"Tern, arctic"}],"phrase":"Centralized uniform help-desk","story":"Green Mountain College"},
{"first_name":"Alli","last_name":"Luetkemeyer","children":[{"gender":"Male","name":"Guthry","birth":"6/19/2003","animal":"Weaver, sociable"},{"gender":"Female","name":"Doloritas","birth":"11/9/2001","animal":"Vulture, black"},{"gender":"Female","name":"Josey","birth":"12/24/2001","animal":"Blue duck"}],"phrase":"Quality-focused impactful support","story":"University of San Carlos"},
{"first_name":"Jimmie","last_name":"Walkowski","children":[{"gender":"Male","name":"Christian","birth":"11/16/2007","animal":"Carmine bee-eater"},{"gender":"Male","name":"Raynor","birth":"5/19/2000","animal":"European red squirrel"},{"gender":"Female","name":"Reeva","birth":"3/9/1998","animal":"Common palm civet"},{"gender":"Male","name":"Gerardo","birth":"11/25/1997","animal":"Mountain duck"},{"gender":"Male","name":"Alessandro","birth":"2/18/1999","animal":"Bengal vulture"}],"phrase":"Streamlined holistic time-frame","story":"Banking University of Ho Chi Minh City"},
{"first_name":"Orion","last_name":"Fri","children":[{"gender":"Male","name":"Matthias","birth":"6/26/1998","animal":"Roseat flamingo"},{"gender":"Male","name":"Ruben","birth":"8/27/2001","animal":"Squirrel, richardson's ground"}],"phrase":"Switchable systematic pricing structure","story":"Virginia International University"},
{"first_name":"Annalise","last_name":"Macia","children":[{"gender":"Female","name":"Sheena","birth":"12/12/2007","animal":"Yellow mongoose"},{"gender":"Female","name":"Cecelia","birth":"6/4/1997","animal":"Frilled lizard"},{"gender":"Male","name":"Cos","birth":"10/5/1997","animal":"Catfish, blue"}],"phrase":"Monitored actuating protocol","story":"The Kingdom University"},
{"first_name":"Dillon","last_name":"Granham","children":[{"gender":"Male","name":"Cornell","birth":"10/20/2004","animal":"Agile wallaby"},{"gender":"Bigender","name":"Aurie","birth":"5/8/1995","animal":"Tern, royal"},{"gender":"Female","name":"Fiorenze","birth":"6/6/2006","animal":"Dragon, western bearded"}],"phrase":"User-centric object-oriented neural-net","story":"Universidad Nacional Experimental de Guayana"},
{"first_name":"Luigi","last_name":"Asbury","children":[{"gender":"Male","name":"Percy","birth":"4/20/2003","animal":"Quail, gambel's"},{"gender":"Male","name":"Jeddy","birth":"5/7/2000","animal":"Indian red admiral"}],"phrase":"Horizontal non-volatile secured line","story":"Al-Bukhari International University"},
{"first_name":"Carce","last_name":"Elliston","children":[{"gender":"Female","name":"Phillis","birth":"4/24/2007","animal":"Owl, burrowing"},{"gender":"Male","name":"Lazarus","birth":"8/29/1996","animal":"Turkey, common"}],"phrase":"Open-source secondary benchmark","story":"Fourah Bay College, University of Sierra Leone"},
{"first_name":"Matthias","last_name":"Stokell","children":[{"gender":"Female","name":"Sheilakathryn","birth":"8/30/1999","animal":"Adouri (unidentified)"},{"gender":"Female","name":"Sharity","birth":"12/25/2000","animal":"Pig-tailed macaque"},{"gender":"Male","name":"Ben","birth":"12/9/2005","animal":"House sparrow"},{"gender":"Male","name":"Allin","birth":"12/25/1998","animal":"Campo flicker"},{"gender":"Male","name":"Cortie","birth":"8/12/1995","animal":"Bahama pintail"}],"phrase":"Organic motivating definition","story":"Tianjin University of Commerce"},
{"first_name":"Kippie","last_name":"Skrzynski","children":[{"gender":"Genderqueer","name":"Vassili","birth":"6/7/2000","animal":"Black vulture"},{"gender":"Female","name":"Iona","birth":"3/7/2005","animal":"Ringtail, common"}],"phrase":"Ergonomic reciprocal definition","story":"Edith Cowan University"},
{"first_name":"Camel","last_name":"Luckes","children":[{"gender":"Female","name":"Hilda","birth":"11/29/1996","animal":"Puna ibis"},{"gender":"Female","name":"Selina","birth":"10/22/2002","animal":"Sage hen"},{"gender":"Male","name":"Cletis","birth":"11/5/2002","animal":"Hottentot teal"},{"gender":"Female","name":"Karyn","birth":"5/31/2003","animal":"Darwin ground finch (unidentified)"},{"gender":"Female","name":"Jenn","birth":"10/22/2003","animal":"Prehensile-tailed porcupine"}],"phrase":"Persevering national monitoring","story":"Maseno University"},
{"first_name":"Evangelia","last_name":"Taysbil","children":[{"gender":"Male","name":"Freedman","birth":"3/6/2006","animal":"Red-headed woodpecker"},{"gender":"Female","name":"Kath","birth":"7/7/1998","animal":"Marten, american"}],"phrase":"Versatile bifurcated synergy","story":"College of Technology at Riyadh"},
{"first_name":"Madelena","last_name":"Mousdall","children":[{"gender":"Male","name":"Uriel","birth":"3/6/2005","animal":"Antelope, roan"},{"gender":"Female","name":"Rozalie","birth":"9/27/1997","animal":"African darter"},{"gender":"Female","name":"Mariel","birth":"9/30/2000","animal":"Dog, raccoon"}],"phrase":"Distributed grid-enabled customer loyalty","story":"Central Buganda University"},
{"first_name":"Claudetta","last_name":"Mapes","children":[{"gender":"Female","name":"Doe","birth":"1/13/2000","animal":"Hippopotamus"},{"gender":"Male","name":"Alonzo","birth":"2/12/2003","animal":"Lesser mouse lemur"}],"phrase":"Optimized bandwidth-monitored product","story":"Technological Education Institute of Heraklion"},
{"first_name":"Julio","last_name":"Yarker","children":[{"gender":"Female","name":"Tanya","birth":"10/20/1999","animal":"Dog, bush"},{"gender":"Male","name":"Morlee","birth":"3/12/1996","animal":"African bush squirrel"},{"gender":"Male","name":"Teodoor","birth":"9/19/1998","animal":"Badger, american"}],"phrase":"Persistent heuristic frame","story":"Islamic Azad University, Bojnourd"},
{"first_name":"Cyril","last_name":"MacLachlan","children":[{"gender":"Male","name":"Portie","birth":"2/8/2007","animal":"Large-eared bushbaby"},{"gender":"Male","name":"Dougie","birth":"5/3/2004","animal":"Galapagos dove"},{"gender":"Male","name":"Caleb","birth":"5/19/1997","animal":"Vulture, egyptian"},{"gender":"Female","name":"Adel","birth":"1/2/2002","animal":"Crab, red lava"}],"phrase":"Extended 4th generation monitoring","story":"Richard Stockton College of New Jersey"},
{"first_name":"Kira","last_name":"Eynon","children":[{"gender":"Female","name":"Lettie","birth":"2/16/2002","animal":"American woodcock"},{"gender":"Female","name":"Audra","birth":"3/9/2008","animal":"Tiger cat"},{"gender":"Non-binary","name":"Carly","birth":"3/24/2000","animal":"Cheetah"},{"gender":"Male","name":"Mitchel","birth":"3/30/1998","animal":"Common pheasant"},{"gender":"Female","name":"Jaine","birth":"10/14/2001","animal":"Cook's tree boa"}],"phrase":"Extended client-driven solution","story":"British University in Dubai"},
{"first_name":"Deny","last_name":"Bellard","children":[{"gender":"Female","name":"Mallory","birth":"8/17/2006","animal":"Goose, egyptian"},{"gender":"Male","name":"Sigismond","birth":"10/17/1998","animal":"Tarantula"},{"gender":"Female","name":"Pauli","birth":"8/18/1997","animal":"Yellow-necked spurfowl"}],"phrase":"Inverse maximized benchmark","story":"Romanian-American University"},
{"first_name":"Averyl","last_name":"Gainsburgh","children":[{"gender":"Female","name":"Noami","birth":"6/26/2001","animal":"Penguin, little blue"},{"gender":"Male","name":"Lewie","birth":"2/24/2006","animal":"Wombat, common"}],"phrase":"Up-sized clear-thinking model","story":"University of Gdansk"},
{"first_name":"Geri","last_name":"Scullion","children":[{"gender":"Male","name":"Omero","birth":"9/20/2003","animal":"Common nighthawk"},{"gender":"Female","name":"Malinda","birth":"3/28/2005","animal":"Small-spotted genet"},{"gender":"Female","name":"Correna","birth":"9/25/2001","animal":"Long-billed cockatoo"}],"phrase":"Diverse heuristic protocol","story":"Université de Ouagadougou"},
{"first_name":"Gloriane","last_name":"Allom","children":[{"gender":"Male","name":"Bud","birth":"10/22/1995","animal":"Spider, wolf"},{"gender":"Male","name":"Gustaf","birth":"5/12/2002","animal":"Australian sea lion"}],"phrase":"Self-enabling zero administration approach","story":"King Fahd Security College"},
{"first_name":"Loreen","last_name":"Dillow","children":[{"gender":"Female","name":"Glennie","birth":"4/19/1998","animal":"American badger"},{"gender":"Male","name":"Myrvyn","birth":"4/1/2005","animal":"Macaw, green-winged"},{"gender":"Genderfluid","name":"Myrtia","birth":"10/15/1998","animal":"Savannah deer"},{"gender":"Female","name":"Clementia","birth":"2/22/2000","animal":"Teal, hottentot"},{"gender":"Female","name":"Druci","birth":"1/31/2001","animal":"Eagle, african fish"}],"phrase":"Team-oriented multimedia process improvement","story":"Northwestern University In Qatar"},
{"first_name":"Clark","last_name":"Wimpress","children":[{"gender":"Male","name":"Jeffry","birth":"11/2/1999","animal":"Mandras tree shrew"},{"gender":"Female","name":"Danette","birth":"9/24/2001","animal":"Squirrel, grey-footed"},{"gender":"Male","name":"Renado","birth":"9/25/2004","animal":"Red-tailed hawk"},{"gender":"Male","name":"Ignaz","birth":"10/21/1998","animal":"Tawny frogmouth"}],"phrase":"Stand-alone static service-desk","story":"University of Colorado at Denver"},
{"first_name":"Noelyn","last_name":"McDermott","children":[{"gender":"Male","name":"Nels","birth":"4/9/2004","animal":"Deer, white-tailed"},{"gender":"Female","name":"Gusta","birth":"6/2/1998","animal":"Lizard, blue-tongued"},{"gender":"Genderfluid","name":"Merrick","birth":"8/27/2002","animal":"Currasow (unidentified)"}],"phrase":"Automated didactic implementation","story":"Northeastern State University"},
{"first_name":"Annamaria","last_name":"Pointing","children":[{"gender":"Male","name":"Laird","birth":"4/22/2003","animal":"North American porcupine"},{"gender":"Male","name":"Braden","birth":"5/16/2004","animal":"White-necked raven"}],"phrase":"Reduced cohesive neural-net","story":"International Islamic College"},
{"first_name":"Cortie","last_name":"Lohmeyer","children":[{"gender":"Female","name":"Mirelle","birth":"5/3/1997","animal":"Mynah, indian"},{"gender":"Agender","name":"Krystalle","birth":"3/28/2004","animal":"Plover, three-banded"},{"gender":"Genderfluid","name":"Chaddy","birth":"8/15/2003","animal":"Deer, mule"}],"phrase":"Networked even-keeled support","story":"Elizabethtown College"},
{"first_name":"Cherice","last_name":"Trytsman","children":[{"gender":"Female","name":"Lian","birth":"4/9/2005","animal":"Anaconda (unidentified)"},{"gender":"Male","name":"Alley","birth":"2/3/2006","animal":"Great cormorant"},{"gender":"Male","name":"Cedric","birth":"8/22/2004","animal":"Common dolphin"},{"gender":"Male","name":"Brendin","birth":"2/19/2003","animal":"Hawk, galapagos"}],"phrase":"Self-enabling systemic alliance","story":"Griffith University"},
{"first_name":"Celestine","last_name":"Hryniewicz","children":[{"gender":"Female","name":"Deane","birth":"8/15/1997","animal":"Heron, green-backed"},{"gender":"Male","name":"Vachel","birth":"7/9/2004","animal":"South American puma"},{"gender":"Female","name":"Aubrie","birth":"3/12/2000","animal":"Bear, black"},{"gender":"Male","name":"Javier","birth":"11/1/2003","animal":"Duck, white-faced whistling"},{"gender":"Female","name":"Mona","birth":"11/8/2003","animal":"American black bear"}],"phrase":"Function-based 4th generation software","story":"Sultan Salahuddin Abdul Aziz Shah Polytechnic"},
{"first_name":"Ikey","last_name":"Gavigan","children":[{"gender":"Polygender","name":"Elonore","birth":"1/8/2006","animal":"Bonnet macaque"},{"gender":"Male","name":"Broddie","birth":"7/27/1995","animal":"Eastern quoll"},{"gender":"Male","name":"Martainn","birth":"2/18/1998","animal":"Flamingo, greater"},{"gender":"Female","name":"Amil","birth":"8/4/2006","animal":"Common nighthawk"},{"gender":"Male","name":"Shelley","birth":"1/23/2006","animal":"Mountain duck"}],"phrase":"Ameliorated logistical paradigm","story":"University of Science & Technology Chittagong"},
{"first_name":"Tessa","last_name":"Scopes","children":[{"gender":"Male","name":"Normie","birth":"6/7/1996","animal":"Mouflon"},{"gender":"Female","name":"Viviyan","birth":"12/1/2003","animal":"Common wombat"},{"gender":"Female","name":"Marney","birth":"6/2/2007","animal":"Hawk, ferruginous"}],"phrase":"Compatible optimal algorithm","story":"Georgian Court College"},
{"first_name":"Adara","last_name":"Drinkel","children":[{"gender":"Male","name":"Alphard","birth":"9/4/1997","animal":"Pine siskin"},{"gender":"Female","name":"Freda","birth":"8/5/2006","animal":"African lion"},{"gender":"Male","name":"Mikol","birth":"3/25/2007","animal":"Knob-nosed goose"},{"gender":"Female","name":"Jaymee","birth":"3/27/2005","animal":"Lion, african"}],"phrase":"Optional directional secured line","story":"University of the South"},
{"first_name":"Rip","last_name":"Kendall","children":[{"gender":"Male","name":"Elihu","birth":"7/18/2003","animal":"Stork, european"},{"gender":"Male","name":"Guillermo","birth":"9/4/1995","animal":"Eastern dwarf mongoose"}],"phrase":"Extended homogeneous solution","story":"Technische Fachhochschule Wildau"},
{"first_name":"Hetti","last_name":"Geering","children":[{"gender":"Male","name":"Basil","birth":"3/5/1997","animal":"Bush dog"},{"gender":"Male","name":"Isidore","birth":"7/28/2006","animal":"Red meerkat"},{"gender":"Female","name":"Elana","birth":"12/21/2005","animal":"Manatee"},{"gender":"Female","name":"Rochella","birth":"11/24/1997","animal":"Cockatoo, red-tailed"}],"phrase":"Optimized asymmetric open architecture","story":"Osaka Medical College"}]