[
  {
    "created": "6/21/2022",
    "username": "cobarrett",
    "email": "cobarrett@hotmail.ca",
    "phone": "123-456-7890",
    "token": "45ae414f",
    "expires": "6/24/2022",
    "confirmed": "tbd"
  },
  {
    "created": "6/21/2022",
    "username": "Bob TheBuilder",
    "email": "bob@TheBuilder.com",
    "phone": "098-765-4321",
    "token": "51a3da4a",
    "expires": "6/24/2022",
    "confirmed": "tbd"
  },
  {
    "created": "6/21/2022",
    "username": "",
    "email": "",
    "phone": "",
    "token": "0",
    "expires": "6/24/2022",
    "confirmed": "tbd"
  }
]